{
  "base": {
    "tag": "base_classes",
    "backbone_cos_sim": 1.0000000238418578,
    "backbone_pla": 0.9780013422171275,
    "backbone_dci": 0.5416642790109567,
    "probe_cos_sim": 0.9913345138231914,
    "probe_pla": 0.9730509102344513,
    "probe_novelty": 0.0015538175900777181,
    "probe_dci": 0.07751542032319785,
    "dci_improvement": -85.68939778256453
  },
  "novel": {
    "tag": "novel_classes",
    "backbone_cos_sim": 0.9999999731779099,
    "backbone_pla": 0.9758192598819733,
    "backbone_dci": 0.5410580527390234,
    "probe_cos_sim": 0.9897479385137558,
    "probe_pla": 0.9699913769960403,
    "probe_novelty": 0.0019303500652313233,
    "probe_dci": 0.08302126369995079,
    "dci_improvement": -84.65575675666071
  }
}