{
  "\u03bb_div=0": {
    "backbone_mse": 0.00335735986245018,
    "probe_mse": 0.0032889105532837065,
    "cosine_sim": 0.9987496673306332,
    "diversity_quality": 0.30125033266936674,
    "plausibility": 0.9967110894467163,
    "novelty": 0.697525,
    "dci": 0.5938619970515323
  },
  "\u03bb_pla=0": {
    "backbone_mse": 0.0033573598653974033,
    "probe_mse": 0.0959278310212908,
    "cosine_sim": 0.30026368249820756,
    "diversity_quality": 0.9997363175017924,
    "plausibility": 0.9040721689787092,
    "novelty": 1.0,
    "dci": 0.9668583592126118
  },
  "\u03bb_nov=0": {
    "backbone_mse": 0.0033573598565557333,
    "probe_mse": 0.0033424655830228255,
    "cosine_sim": 0.2991347543046444,
    "diversity_quality": 0.9991347543046445,
    "plausibility": 0.9966575344169771,
    "novelty": 0.8486,
    "dci": 0.9454190504175319
  },
  "full": {
    "backbone_mse": 0.00335735986245018,
    "probe_mse": 0.003392971845791687,
    "cosine_sim": 0.2999699017669581,
    "diversity_quality": 0.9999699017669581,
    "plausibility": 0.9966070281542083,
    "novelty": 0.918925,
    "dci": 0.9710993131180162
  }
}