{
  "\u03bb_div=0": {
    "backbone_mse": 0.11430427337749095,
    "probe_mse": 0.11430427432060242,
    "cosine_sim": 0.7643497872956192,
    "diversity_quality": 0.5356502127043807,
    "plausibility": 0.8856957256793976,
    "novelty": 0.0,
    "dci": 0.0
  },
  "\u03bb_pla=0": {
    "backbone_mse": 0.11430427337749095,
    "probe_mse": 0.11430427432060242,
    "cosine_sim": 0.2984997603712203,
    "diversity_quality": 0.9984997603712202,
    "plausibility": 0.8856957256793976,
    "novelty": 0.0,
    "dci": 0.0
  },
  "\u03bb_nov=0": {
    "backbone_mse": 0.11430427337749095,
    "probe_mse": 0.11430427432060242,
    "cosine_sim": 0.299241204805012,
    "diversity_quality": 0.999241204805012,
    "plausibility": 0.8856957256793976,
    "novelty": 0.0,
    "dci": 0.0
  },
  "full": {
    "backbone_mse": 0.11430427337749095,
    "probe_mse": 0.11430427432060242,
    "cosine_sim": 0.2989259992219225,
    "diversity_quality": 0.9989259992219225,
    "plausibility": 0.8856957256793976,
    "novelty": 0.0,
    "dci": 0.0
  }
}