{
  "backbone_mse": 0.11430427337749095,
  "probe_mse": 0.11430427432060242,
  "cosine_sim": 0.2988970883284943,
  "diversity_quality": 0.9988970883284943,
  "plausibility": 0.8856957256793976,
  "novelty": 0.0,
  "dci": 0.0
}