{
  "backbone_mse": 0.0033573598653974033,
  "probe_mse": 0.003391279060912283,
  "cosine_sim": 0.30112604476228544,
  "diversity_quality": 0.9988739552377146,
  "plausibility": 0.9966087209390877,
  "novelty": 0.898125,
  "dci": 0.9633646793528803
}