{
  "random_0.05": {
    "backbone_mse": 0.003357359868344627,
    "probe_mse": 0.003331577160713982,
    "cosine_sim": 0.999904916256289,
    "diversity_quality": 0.3000950837437111,
    "plausibility": 0.996668422839286,
    "novelty": 0.694075,
    "dci": 0.5921139964683548
  },
  "random_0.1": {
    "backbone_mse": 0.0033573598653974033,
    "probe_mse": 0.003322503676850207,
    "cosine_sim": 0.9996228052090995,
    "diversity_quality": 0.3003771947909004,
    "plausibility": 0.9966774963231498,
    "novelty": 0.695275,
    "dci": 0.5926424296516658
  },
  "random_0.3": {
    "backbone_mse": 0.00335735986245018,
    "probe_mse": 0.003450088391575632,
    "cosine_sim": 0.9966516502295868,
    "diversity_quality": 0.30334834977041325,
    "plausibility": 0.9965499116084243,
    "novelty": 0.697025,
    "dci": 0.5950630934068449
  },
  "random_0.5": {
    "backbone_mse": 0.0033573598565557333,
    "probe_mse": 0.0038108549941378305,
    "cosine_sim": 0.990915752664397,
    "diversity_quality": 0.309084247335603,
    "plausibility": 0.9961891450058622,
    "novelty": 0.702275,
    "dci": 0.6002174651147255
  },
  "cbdp_trained": {
    "backbone_mse": 0.00335735986245018,
    "probe_mse": 0.0033918558325194107,
    "cosine_sim": 0.3003054181986217,
    "diversity_quality": 0.9996945818013783,
    "plausibility": 0.9966081441674806,
    "novelty": 0.92105,
    "dci": 0.971758449824448
  }
}