{
  "random_0.05": {
    "backbone_mse": 0.11430427337749095,
    "probe_mse": 0.11430427432060242,
    "cosine_sim": 0.7607060553906839,
    "diversity_quality": 0.5392939446093161,
    "plausibility": 0.8856957256793976,
    "novelty": 0.0,
    "dci": 0.0
  },
  "random_0.1": {
    "backbone_mse": 0.11430427337749095,
    "probe_mse": 0.11430427432060242,
    "cosine_sim": 0.7607270577285863,
    "diversity_quality": 0.5392729422714138,
    "plausibility": 0.8856957256793976,
    "novelty": 0.0,
    "dci": 0.0
  },
  "random_0.3": {
    "backbone_mse": 0.11430427337749095,
    "probe_mse": 0.11430427432060242,
    "cosine_sim": 0.7605659124217455,
    "diversity_quality": 0.5394340875782544,
    "plausibility": 0.8856957256793976,
    "novelty": 0.0,
    "dci": 0.0
  },
  "random_0.5": {
    "backbone_mse": 0.11430427337749095,
    "probe_mse": 0.11430427432060242,
    "cosine_sim": 0.7604743596873705,
    "diversity_quality": 0.5395256403126294,
    "plausibility": 0.8856957256793976,
    "novelty": 0.0,
    "dci": 0.0
  },
  "cbdp_trained": {
    "backbone_mse": 0.11430427337749095,
    "probe_mse": 0.11430427432060242,
    "cosine_sim": 0.29884697478028793,
    "diversity_quality": 0.9988469747802879,
    "plausibility": 0.8856957256793976,
    "novelty": 0.0,
    "dci": 0.0
  }
}