{
  "held_out_digit": 4,
  "backbone_mse": 0.10456156358122826,
  "probe_best_mse": 0.10456156730651855,
  "diversity_cosine_sim": 0.3052911087870598,
  "diversity_target_tau": 0.3,
  "diversity_quality": 0.9947088912129403,
  "plausibility": 0.8954384326934814,
  "novelty": 0.0,
  "dci": 0.0
}