{
  "held_out_digit": 6,
  "backbone_mse": 0.12566007301211357,
  "probe_best_mse": 0.12566007301211357,
  "diversity_cosine_sim": 0.29381947219371796,
  "diversity_target_tau": 0.3,
  "diversity_quality": 0.9938194721937179,
  "plausibility": 0.8743399269878864,
  "novelty": 0.0,
  "dci": 0.0
}