{
  "held_out_digit": 7,
  "backbone_mse": 0.10100966691970825,
  "probe_best_mse": 0.1010096687823534,
  "diversity": 7.450580596923828e-08,
  "plausibility": 0.8989903312176466,
  "novelty": 0.0,
  "dci": 0.0
}