{
  "held_out_digit": 9,
  "backbone_mse": 0.10683947429060936,
  "probe_best_mse": 0.10683947242796421,
  "diversity": 2.9802322387695312e-08,
  "plausibility": 0.8931605275720358,
  "novelty": 0.0,
  "dci": 0.0
}