{
  "held_out_digit": 1,
  "backbone_mse": 0.06651716399937868,
  "probe_best_mse": 0.06651716493070126,
  "diversity": 5.364418029785156e-07,
  "plausibility": 0.9334828350692987,
  "novelty": 0.0,
  "dci": 0.0
}