{
  "held_out_digit": 2,
  "backbone_mse": 0.1295957788825035,
  "probe_best_mse": 0.1295957751572132,
  "diversity": 0.0,
  "plausibility": 0.8704042248427868,
  "novelty": 0.0,
  "dci": 0.0
}