{
  "held_out_digit": 2,
  "backbone_mse": 0.004229809856042266,
  "probe_best_mse": 0.004257205291651189,
  "diversity_cosine_sim": 0.29895559698343277,
  "diversity_target_tau": 0.3,
  "diversity_quality": 0.9989555969834327,
  "plausibility": 0.9957427947083488,
  "novelty": 0.99609375,
  "dci": 0.9969296760819615
}