{
  "held_out_digit": 6,
  "backbone_mse": 0.12566007301211357,
  "probe_best_mse": 0.12566007301211357,
  "diversity": 4.470348358154297e-08,
  "plausibility": 0.8743399269878864,
  "novelty": 0.0,
  "dci": 0.0
}