{
  "held_out_digit": 5,
  "backbone_mse": 0.11412347294390202,
  "probe_best_mse": 0.11412346921861172,
  "diversity": 2.9802322387695312e-08,
  "plausibility": 0.8858765307813883,
  "novelty": 0.0,
  "dci": 0.0
}