{
  "held_out_digit": 0,
  "backbone_mse": 0.1481352262198925,
  "probe_best_mse": 0.1481352299451828,
  "diversity": 0.0,
  "plausibility": 0.8518647700548172,
  "novelty": 0.0,
  "dci": 0.0
}