{
  "held_out_digit": 5,
  "backbone_mse": 0.11412347294390202,
  "probe_best_mse": 0.11412346921861172,
  "diversity_cosine_sim": 4.2679538736489775e-08,
  "diversity_target_tau": 0.3,
  "diversity_quality": 0.7000000426795387,
  "plausibility": 0.8858765307813883,
  "novelty": 0.0,
  "dci": 0.0
}