{
  "held_out_digit": 5,
  "backbone_mse": 0.11412347294390202,
  "probe_best_mse": 0.11412346921861172,
  "diversity_cosine_sim": 0.2963143289089203,
  "diversity_target_tau": 0.3,
  "diversity_quality": 0.9963143289089202,
  "plausibility": 0.8858765307813883,
  "novelty": 0.0,
  "dci": 0.0
}