{
  "held_out_digit": 6,
  "backbone_mse": 0.12566007301211357,
  "probe_best_mse": 0.12566007301211357,
  "diversity_cosine_sim": 5.038428509129833e-08,
  "diversity_target_tau": 0.3,
  "diversity_quality": 0.7000000503842851,
  "plausibility": 0.8743399269878864,
  "novelty": 0.0,
  "dci": 0.0
}