{
  "held_out_digit": 7,
  "backbone_mse": 0.10100966691970825,
  "probe_best_mse": 0.1010096687823534,
  "diversity_cosine_sim": 0.30826710909605026,
  "diversity_target_tau": 0.3,
  "diversity_quality": 0.9917328909039498,
  "plausibility": 0.8989903312176466,
  "novelty": 0.0,
  "dci": 0.0
}