{
  "held_out_digit": 8,
  "backbone_mse": 0.12973211519420147,
  "probe_best_mse": 0.12973212078213692,
  "diversity": 0.0,
  "plausibility": 0.8702678792178631,
  "novelty": 0.0,
  "dci": 0.0
}