{
  "held_out_digit": 2,
  "backbone_mse": 0.1295957788825035,
  "probe_best_mse": 0.1295957751572132,
  "diversity_cosine_sim": 2.3979673940965895e-09,
  "diversity_target_tau": 0.3,
  "diversity_quality": 0.7000000023979673,
  "plausibility": 0.8704042248427868,
  "novelty": 0.0,
  "dci": 0.0
}