{
  "held_out_digit": 3,
  "backbone_mse": 0.0033633592538535595,
  "probe_best_mse": 0.0033931161742657423,
  "diversity_cosine_sim": 0.2989765480160713,
  "diversity_target_tau": 0.3,
  "diversity_quality": 0.9989765480160713,
  "plausibility": 0.9966068838257343,
  "novelty": 0.984375,
  "dci": 0.9932988141321926
}