{
  "held_out_digit": 7,
  "backbone_mse": 0.0025733798975124955,
  "probe_best_mse": 0.002604355860967189,
  "diversity_cosine_sim": 0.3095301017165184,
  "diversity_target_tau": 0.3,
  "diversity_quality": 0.9904698982834816,
  "plausibility": 0.9973956441390328,
  "novelty": 0.8828125,
  "dci": 0.9554157744355765
}