{
  "held_out_digit": 3,
  "backbone_mse": 0.12236961349844933,
  "probe_best_mse": 0.12236961163580418,
  "diversity": 0.0,
  "plausibility": 0.8776303883641958,
  "novelty": 0.0,
  "dci": 0.0
}