{
  "train": {
    "cos_sim": 0.3915707965691884,
    "pla": 0.9973563466531535,
    "novelty": 0.2989610234896342,
    "dci": 0.6470209170113904,
    "backbone_cos_sim": 1.0,
    "backbone_pla": 0.9678855016827583,
    "backbone_novelty": 0.007300515969594319,
    "backbone_dci": 0.12398546799694088
  },
  "test": {
    "cos_sim": 0.43279609084129333,
    "pla": 0.9452576699356238,
    "novelty": 0.26600033044815063,
    "dci": 0.6018272933151119,
    "backbone_cos_sim": 1.0000000794728596,
    "backbone_pla": 0.915337149053812,
    "backbone_novelty": 0.01039061943689982,
    "backbone_dci": 0.13773209832528968
  },
  "dci_gap": 0.04519362369627855,
  "composition": {
    "train_shape_acc": 0.6666666666666666,
    "train_color_acc": 0.5,
    "test_shape_acc": 0.6666666666666666,
    "test_color_acc": 0.0
  },
  "random_baseline": {
    "random_0.05": {
      "cos_sim": 0.9915471076965332,
      "pla": 0.8603804161151251,
      "novelty": 0.0320169727007548,
      "dci": 0.20373884787230623,
      "backbone_cos_sim": 0.9999999403953552,
      "backbone_pla": 0.9213582674662272,
      "backbone_novelty": 0.00931239128112793,
      "backbone_dci": 0.13135484062120115
    },
    "random_0.1": {
      "cos_sim": 0.9818258086840311,
      "pla": 0.881563757856687,
      "novelty": 0.029479622840881348,
      "dci": 0.2018800695106299,
      "backbone_cos_sim": 1.00000003973643,
      "backbone_pla": 0.9313256790240606,
      "backbone_novelty": 0.007668713728586833,
      "backbone_dci": 0.1250291425119354
    },
    "random_0.3": {
      "cos_sim": 0.9387033979098002,
      "pla": 0.8955819035569826,
      "novelty": 0.03499154249827067,
      "dci": 0.22401090124944192,
      "backbone_cos_sim": 0.9999999205271403,
      "backbone_pla": 0.9465028382837772,
      "backbone_novelty": 0.005866726239522298,
      "backbone_dci": 0.1182336575250817
    },
    "random_0.5": {
      "cos_sim": 0.9091788132985433,
      "pla": 0.8958727096517881,
      "novelty": 0.039326886336008705,
      "dci": 0.2396584309184967,
      "backbone_cos_sim": 1.0,
      "backbone_pla": 0.922290276736021,
      "backbone_novelty": 0.008458654085795084,
      "backbone_dci": 0.1291414973905756
    }
  },
  "ablation": {
    "\u03bb_div=0": {
      "cos_sim": 0.6142383416493734,
      "pla": 0.9589986925323805,
      "novelty": 0.18792452414830527,
      "dci": 0.4980502746493494,
      "backbone_cos_sim": 1.0000000596046448,
      "backbone_pla": 0.9395147487521172,
      "backbone_novelty": 0.007560511430104573,
      "backbone_dci": 0.12292975911419834
    },
    "\u03bb_pla=0": {
      "cos_sim": 0.3264215687910716,
      "pla": 0.9519721126804749,
      "novelty": 0.34503509600957233,
      "dci": 0.6837805815435324,
      "backbone_cos_sim": 1.0000000198682149,
      "backbone_pla": 0.9289656194547812,
      "backbone_novelty": 0.008783419926961264,
      "backbone_dci": 0.12959635193333685
    },
    "\u03bb_nov=0": {
      "cos_sim": 0.3204171061515808,
      "pla": 0.9393692227701346,
      "novelty": 0.3358508547147115,
      "dci": 0.6760194890439609,
      "backbone_cos_sim": 1.0000000794728596,
      "backbone_pla": 0.9087827143569788,
      "backbone_novelty": 0.011269291241963705,
      "backbone_dci": 0.14322043707976945
    },
    "full": {
      "cos_sim": 0.33507149418195087,
      "pla": 0.9577564746141434,
      "novelty": 0.35017504294713336,
      "dci": 0.6865215284266561,
      "backbone_cos_sim": 1.0000000596046448,
      "backbone_pla": 0.9270883711675802,
      "backbone_novelty": 0.007155001163482666,
      "backbone_dci": 0.11903360380067585
    }
  }
}