{
  "train": {
    "cos_sim": 0.3600134750207265,
    "pla": 0.9968012226745486,
    "novelty": 0.29615461826324463,
    "dci": 0.6522520745691749,
    "backbone_cos_sim": 1.0,
    "backbone_pla": 0.9967460821693143,
    "backbone_novelty": 0.003962020079294841,
    "backbone_dci": 0.1011671039246828
  },
  "test": {
    "cos_sim": 0.38561272621154785,
    "pla": 0.9477646673719088,
    "novelty": 0.27643855412801105,
    "dci": 0.6210584535436704,
    "backbone_cos_sim": 1.0000000596046448,
    "backbone_pla": 0.9252597788969675,
    "backbone_novelty": 0.007023811340332031,
    "backbone_dci": 0.12241394597939603
  },
  "dci_gap": 0.031193621025504492,
  "retention": {
    "train_shape_ret": 0.7643292297919592,
    "train_color_ret": 0.5654694214463234,
    "test_shape_ret": 0.8010945916175842,
    "test_color_ret": 0.5144746651252111
  },
  "random_baseline": {
    "random_0.05": {
      "cos_sim": 0.9940621058146158,
      "pla": 0.9191427404681841,
      "novelty": 0.013544261455535889,
      "dci": 0.15612082553972262,
      "backbone_cos_sim": 1.0000000198682149,
      "backbone_pla": 0.9271391071379185,
      "backbone_novelty": 0.006115456422170003,
      "backbone_dci": 0.11756315542694994
    },
    "random_0.1": {
      "cos_sim": 0.9866199096043905,
      "pla": 0.923160545527935,
      "novelty": 0.012938817342122396,
      "dci": 0.15515838157511208,
      "backbone_cos_sim": 0.999999980131785,
      "backbone_pla": 0.9381103614966074,
      "backbone_novelty": 0.005382915337880452,
      "backbone_dci": 0.11447444092315251
    },
    "random_0.3": {
      "cos_sim": 0.9483322501182556,
      "pla": 0.9398203181723753,
      "novelty": 0.017828702926635742,
      "dci": 0.18060934992782018,
      "backbone_cos_sim": 1.0,
      "backbone_pla": 0.953930721928676,
      "backbone_novelty": 0.005310217539469401,
      "backbone_dci": 0.11302663577450635
    },
    "random_0.5": {
      "cos_sim": 0.9201743205388387,
      "pla": 0.9320369064807892,
      "novelty": 0.025589585304260254,
      "dci": 0.20829085781663723,
      "backbone_cos_sim": 0.9999999403953552,
      "backbone_pla": 0.9321584440767765,
      "backbone_novelty": 0.005696554978688558,
      "backbone_dci": 0.11551520420214116
    }
  },
  "ablation": {
    "\u03bb_div=0": {
      "cos_sim": 0.43865616122881573,
      "pla": 0.957258773346742,
      "novelty": 0.2440905769666036,
      "dci": 0.5859608428154264,
      "backbone_cos_sim": 1.0000000198682149,
      "backbone_pla": 0.9503614629308382,
      "backbone_novelty": 0.005121986071268718,
      "backbone_dci": 0.11109429842355578
    },
    "\u03bb_pla=0": {
      "cos_sim": 0.29631996154785156,
      "pla": 0.9519721126804749,
      "novelty": 0.3181385000546773,
      "dci": 0.6706807565932017,
      "backbone_cos_sim": 1.00000003973643,
      "backbone_pla": 0.9345785658806562,
      "backbone_novelty": 0.006055116653442383,
      "backbone_dci": 0.11782354202744764
    },
    "\u03bb_nov=0": {
      "cos_sim": 0.3028169671694438,
      "pla": 0.934013898173968,
      "novelty": 0.32813237110773724,
      "dci": 0.673507232887047,
      "backbone_cos_sim": 0.999999980131785,
      "backbone_pla": 0.9185472428798676,
      "backbone_novelty": 0.008118808269500732,
      "backbone_dci": 0.12290682608998175
    },
    "full": {
      "cos_sim": 0.3071189920107524,
      "pla": 0.9554459073891243,
      "novelty": 0.32821226119995117,
      "dci": 0.6771245468158696,
      "backbone_cos_sim": 1.0,
      "backbone_pla": 0.9261276200413704,
      "backbone_novelty": 0.007354259490966797,
      "backbone_dci": 0.12031449001300128
    }
  }
}