{
  "train": {
    "cos_sim": 0.44206101695696515,
    "pla": 0.9967899870437881,
    "novelty": 0.27558739980061847,
    "dci": 0.6176927971032312,
    "backbone_cos_sim": 0.999999980131785,
    "backbone_pla": 0.9554983129103979,
    "backbone_novelty": 0.004395882288614909,
    "backbone_dci": 0.10721643500656719
  },
  "test": {
    "cos_sim": 0.5516844789187113,
    "pla": 0.9427672078212103,
    "novelty": 0.21721702814102173,
    "dci": 0.5350677588267656,
    "backbone_cos_sim": 0.999999980131785,
    "backbone_pla": 0.9328810535371304,
    "backbone_novelty": 0.0033338069915771484,
    "backbone_dci": 0.09638115765197225
  },
  "dci_gap": 0.08262503827646561,
  "composition": {
    "train_shape_acc": 0.3333333333333333,
    "train_color_acc": 0.5,
    "test_shape_acc": 0.3333333333333333,
    "test_color_acc": 0.0
  },
  "random_baseline": {
    "random_0.05": {
      "cos_sim": 0.99278457959493,
      "pla": 0.8995074182748795,
      "novelty": 0.026325384775797527,
      "dci": 0.19366576043484648,
      "backbone_cos_sim": 1.00000003973643,
      "backbone_pla": 0.9472568954030672,
      "backbone_novelty": 0.0033068458239237466,
      "backbone_dci": 0.097703459008198
    },
    "random_0.1": {
      "cos_sim": 0.9822760224342346,
      "pla": 0.9113408823808035,
      "novelty": 0.024956107139587402,
      "dci": 0.19319448877925094,
      "backbone_cos_sim": 1.0,
      "backbone_pla": 0.9481541390220324,
      "backbone_novelty": 0.003606081008911133,
      "backbone_dci": 0.10033001201667902
    },
    "random_0.3": {
      "cos_sim": 0.9550664226214091,
      "pla": 0.9324674891928831,
      "novelty": 0.024988691012064617,
      "dci": 0.20027844442736084,
      "backbone_cos_sim": 0.999999980131785,
      "backbone_pla": 0.9601193964481354,
      "backbone_novelty": 0.0035135746002197266,
      "backbone_dci": 0.10024128923387961
    },
    "random_0.5": {
      "cos_sim": 0.9316637516021729,
      "pla": 0.9126111815373102,
      "novelty": 0.0291903813680013,
      "dci": 0.2138961165270307,
      "backbone_cos_sim": 0.999999980131785,
      "backbone_pla": 0.9489742368459702,
      "backbone_novelty": 0.004138489564259847,
      "backbone_dci": 0.10536588306225293
    }
  },
  "ablation": {
    "\u03bb_div=0": {
      "cos_sim": 0.643399198849996,
      "pla": 0.9662091446419557,
      "novelty": 0.18509491284688315,
      "dci": 0.48938460892142993,
      "backbone_cos_sim": 0.9999999403953552,
      "backbone_pla": 0.9535148640473684,
      "backbone_novelty": 0.003978073596954346,
      "backbone_dci": 0.1043592611057836
    },
    "\u03bb_pla=0": {
      "cos_sim": 0.4146902362505595,
      "pla": 0.9519721126804749,
      "novelty": 0.31758010387420654,
      "dci": 0.6444329868972579,
      "backbone_cos_sim": 0.999999980131785,
      "backbone_pla": 0.9506458807736635,
      "backbone_novelty": 0.003848214944203695,
      "backbone_dci": 0.10305102547382881
    },
    "\u03bb_nov=0": {
      "cos_sim": 0.3389349977175395,
      "pla": 0.9486050742367903,
      "novelty": 0.32479151089986164,
      "dci": 0.6664881272629642,
      "backbone_cos_sim": 0.9999999602635702,
      "backbone_pla": 0.9293747122089068,
      "backbone_novelty": 0.0037813385327657065,
      "backbone_dci": 0.10162551308427703
    },
    "full": {
      "cos_sim": 0.318493515253067,
      "pla": 0.9697908386588097,
      "novelty": 0.34395019213358563,
      "dci": 0.689199762691632,
      "backbone_cos_sim": 0.9999999403953552,
      "backbone_pla": 0.9548441662142674,
      "backbone_novelty": 0.003825664520263672,
      "backbone_dci": 0.10287707960153446
    }
  }
}