{
  "train": {
    "cos_sim": 0.4042450487613678,
    "pla": 0.9954291241398702,
    "novelty": 0.28770768642425537,
    "dci": 0.6354024478079058,
    "backbone_cos_sim": 1.0,
    "backbone_pla": 0.9633325096219778,
    "backbone_novelty": 0.007483422756195068,
    "backbone_dci": 0.1264633050075305
  },
  "test": {
    "cos_sim": 0.5354651610056559,
    "pla": 0.935479054848353,
    "novelty": 0.23477586110432944,
    "dci": 0.5515234235792966,
    "backbone_cos_sim": 0.9999999403953552,
    "backbone_pla": 0.921730230251948,
    "backbone_novelty": 0.007545868555704753,
    "backbone_dci": 0.12394155580044941
  },
  "dci_gap": 0.08387902422860916,
  "composition": {
    "train_shape_acc": 0.3333333333333333,
    "train_color_acc": 0.25,
    "test_shape_acc": 0.3333333333333333,
    "test_color_acc": 0.0
  },
  "random_baseline": {
    "random_0.05": {
      "cos_sim": 0.9904387394587199,
      "pla": 0.843461349606514,
      "novelty": 0.043518781661987305,
      "dci": 0.22465466857731123,
      "backbone_cos_sim": 1.0,
      "backbone_pla": 0.9261636411150297,
      "backbone_novelty": 0.009158750375111898,
      "backbone_dci": 0.12954281548039945
    },
    "random_0.1": {
      "cos_sim": 0.97952934106191,
      "pla": 0.8621666729450226,
      "novelty": 0.040582398573557533,
      "dci": 0.2236688620434305,
      "backbone_cos_sim": 0.999999980131785,
      "backbone_pla": 0.9357044845819473,
      "backbone_novelty": 0.006909469763437907,
      "backbone_dci": 0.12263529457719037
    },
    "random_0.3": {
      "cos_sim": 0.9242909749348959,
      "pla": 0.8664421240488688,
      "novelty": 0.04638761281967163,
      "dci": 0.24682963152745277,
      "backbone_cos_sim": 0.999999980131785,
      "backbone_pla": 0.949608851224184,
      "backbone_novelty": 0.004598875840504964,
      "backbone_dci": 0.10922784403763369
    },
    "random_0.5": {
      "cos_sim": 0.885966420173645,
      "pla": 0.8742160176237425,
      "novelty": 0.05209656556447347,
      "dci": 0.26608406201214424,
      "backbone_cos_sim": 0.999999980131785,
      "backbone_pla": 0.9265009351074696,
      "backbone_novelty": 0.006895780563354492,
      "backbone_dci": 0.12151605562152483
    }
  },
  "ablation": {
    "\u03bb_div=0": {
      "cos_sim": 0.6242610414822897,
      "pla": 0.954366950939099,
      "novelty": 0.18027228116989136,
      "dci": 0.4879721656835005,
      "backbone_cos_sim": 1.0000000198682149,
      "backbone_pla": 0.9443867169320583,
      "backbone_novelty": 0.0060317715009053545,
      "backbone_dci": 0.1160438820719825
    },
    "\u03bb_pla=0": {
      "cos_sim": 0.34025933345158893,
      "pla": 0.9519721126804749,
      "novelty": 0.3262004057566325,
      "dci": 0.6679332200850321,
      "backbone_cos_sim": 1.0000000198682149,
      "backbone_pla": 0.9330240587393442,
      "backbone_novelty": 0.008893807729085287,
      "backbone_dci": 0.1298810449019541
    },
    "\u03bb_nov=0": {
      "cos_sim": 0.31557684143384296,
      "pla": 0.9331690979500612,
      "novelty": 0.3611552913983663,
      "dci": 0.6921445684695501,
      "backbone_cos_sim": 1.00000003973643,
      "backbone_pla": 0.9155876711010933,
      "backbone_novelty": 0.008364359537760416,
      "backbone_dci": 0.1311088511801388
    },
    "full": {
      "cos_sim": 0.309530109167099,
      "pla": 0.9570364666481813,
      "novelty": 0.37471141417821247,
      "dci": 0.7075420657920587,
      "backbone_cos_sim": 0.999999980131785,
      "backbone_pla": 0.9299147129058838,
      "backbone_novelty": 0.008033851782480875,
      "backbone_dci": 0.12333928861608236
    }
  }
}