{
  "train": {
    "cos_sim": 0.35230770056516353,
    "pla": 0.9041483280524402,
    "novelty": 0.3936353334238831,
    "dci": 0.6960820063935915,
    "bb_cos_sim": 1.0,
    "bb_pla": 0.8478202976706163,
    "bb_novelty": 0.35705373005967744,
    "bb_dci": 0.4494621331683237,
    "top1_acc": 0.09647337147887323,
    "top3_acc": 0.26309419014084506,
    "distinct_k": 0.9400131752793218
  },
  "test": {
    "cos_sim": 0.34939253537191284,
    "pla": 0.8817338375374675,
    "novelty": 0.3988826862639851,
    "dci": 0.6905144113357851,
    "bb_cos_sim": 1.0000000016556845,
    "bb_pla": 0.8058190823843082,
    "bb_novelty": 0.3693498513764805,
    "bb_dci": 0.4426221106015864,
    "top1_acc": 0.19026692708333334,
    "top3_acc": 0.3925889759427971,
    "distinct_k": 0.9465371237860786
  },
  "dci_gap": 0.005567595057806463,
  "random_baseline": {
    "random_0.05": {
      "cos_sim": 0.8637335656417741,
      "pla": 0.8340529994004302,
      "novelty": 0.37935234440697563,
      "dci": 0.5148382262140407,
      "bb_cos_sim": 1.0000000016556845,
      "bb_pla": 0.8058190823843082,
      "bb_novelty": 0.3693498513764805,
      "bb_dci": 0.4426221106015864,
      "top1_acc": 0.12241753480500644,
      "top3_acc": 0.370345052331686,
      "distinct_k": 0.23779336901174652
    },
    "random_0.1": {
      "cos_sim": 0.6755459548698531,
      "pla": 0.8459066838646928,
      "novelty": 0.3976433260573281,
      "dci": 0.592798293094437,
      "bb_cos_sim": 1.0000000016556845,
      "bb_pla": 0.8058190823843082,
      "bb_novelty": 0.3693498513764805,
      "bb_dci": 0.4426221106015864,
      "top1_acc": 0.12450086806590359,
      "top3_acc": 0.3750542534722222,
      "distinct_k": 0.6086294357147481
    },
    "random_0.3": {
      "cos_sim": 0.2915880947063367,
      "pla": 0.8358350462383695,
      "novelty": 0.45059988978836274,
      "dci": 0.7107185399845918,
      "bb_cos_sim": 1.0000000016556845,
      "bb_pla": 0.8058190823843082,
      "bb_novelty": 0.3693498513764805,
      "bb_dci": 0.4426221106015864,
      "top1_acc": 0.12833116327722868,
      "top3_acc": 0.373773871610562,
      "distinct_k": 1.107168088356654
    },
    "random_0.5": {
      "cos_sim": 0.2016502647764153,
      "pla": 0.7810569608377086,
      "novelty": 0.467216099301974,
      "dci": 0.6889934262335223,
      "bb_cos_sim": 1.0000000016556845,
      "bb_pla": 0.8058190823843082,
      "bb_novelty": 0.3693498513764805,
      "bb_dci": 0.4426221106015864,
      "top1_acc": 0.12354600698583657,
      "top3_acc": 0.37626953133278424,
      "distinct_k": 1.1356867998838425
    }
  },
  "ablation": {
    "\u03bb_div=0": {
      "cos_sim": 0.5845178609920872,
      "pla": 0.8822426788715853,
      "novelty": 0.3808110828200976,
      "dci": 0.6207592168622098,
      "bb_cos_sim": 1.0000000016556845,
      "bb_pla": 0.8058190823843082,
      "bb_novelty": 0.3693498513764805,
      "bb_dci": 0.4426221106015864,
      "top1_acc": 0.09314236112145914,
      "top3_acc": 0.3570855036377907,
      "distinct_k": 0.6446211900975969
    },
    "\u03bb_pla=0": {
      "cos_sim": 0.2336347167276674,
      "pla": 0.7330452582488457,
      "novelty": 0.5078819178872638,
      "dci": 0.7013451879556492,
      "bb_cos_sim": 1.0000000016556845,
      "bb_pla": 0.8058190823843082,
      "bb_novelty": 0.3693498513764805,
      "bb_dci": 0.4426221106015864,
      "top1_acc": 0.17741970490250322,
      "top3_acc": 0.4427191838622093,
      "distinct_k": 1.1371865289078817
    },
    "\u03bb_nov=0": {
      "cos_sim": 0.3616616771452957,
      "pla": 0.8824512992675105,
      "novelty": 0.38157377392053604,
      "dci": 0.6735457436641302,
      "bb_cos_sim": 1.0000000016556845,
      "bb_pla": 0.8058190823843082,
      "bb_novelty": 0.3693498513764805,
      "bb_dci": 0.4426221106015864,
      "top1_acc": 0.18904079869389534,
      "top3_acc": 0.3015299480822351,
      "distinct_k": 0.9105170799626244
    },
    "full": {
      "cos_sim": 0.3863053023815155,
      "pla": 0.882519931325482,
      "novelty": 0.3765745328532325,
      "dci": 0.6696759995021221,
      "bb_cos_sim": 1.0000000016556845,
      "bb_pla": 0.8058190823843082,
      "bb_novelty": 0.3693498513764805,
      "bb_dci": 0.4426221106015864,
      "top1_acc": 0.11271701390958494,
      "top3_acc": 0.47285156241721576,
      "distinct_k": 0.8869276667634646
    }
  }
}