{
  "train": {
    "cos_sim": 0.3910067207376722,
    "pla": 0.904100259136356,
    "novelty": 0.38072921377672275,
    "dci": 0.6788744516927248,
    "bb_cos_sim": 1.0,
    "bb_pla": 0.8477760252188629,
    "bb_novelty": 0.3563766303196759,
    "bb_dci": 0.44917160784181875,
    "top1_acc": 0.21671434859154928,
    "top3_acc": 0.669069102112676,
    "distinct_k": 0.901406530763062
  },
  "test": {
    "cos_sim": 0.38477932289242744,
    "pla": 0.8836179461537136,
    "novelty": 0.386161219742563,
    "dci": 0.6780404447559307,
    "bb_cos_sim": 1.0000000016556845,
    "bb_pla": 0.8058190823843082,
    "bb_novelty": 0.3694717130727238,
    "bb_dci": 0.44265737637397734,
    "top1_acc": 0.11336805557625161,
    "top3_acc": 0.4657552084989018,
    "distinct_k": 0.907500586575932
  },
  "dci_gap": 0.0008340069367940295,
  "random_baseline": {
    "random_0.05": {
      "cos_sim": 0.8637275977267159,
      "pla": 0.8340636177195443,
      "novelty": 0.3796224809355206,
      "dci": 0.5149011435568878,
      "bb_cos_sim": 1.0000000016556845,
      "bb_pla": 0.8058190823843082,
      "bb_novelty": 0.3694717130727238,
      "bb_dci": 0.44265737637397734,
      "top1_acc": 0.12259114585402939,
      "top3_acc": 0.3727213541666667,
      "distinct_k": 0.23726013199322754
    },
    "random_0.1": {
      "cos_sim": 0.6748324094547166,
      "pla": 0.8469838590050737,
      "novelty": 0.3977425975932015,
      "dci": 0.5934863756628497,
      "bb_cos_sim": 1.0000000016556845,
      "bb_pla": 0.8058190823843082,
      "bb_novelty": 0.3694717130727238,
      "bb_dci": 0.44265737637397734,
      "top1_acc": 0.12581380208333334,
      "top3_acc": 0.3758680555555556,
      "distinct_k": 0.6113285422325134
    },
    "random_0.3": {
      "cos_sim": 0.29290246073570514,
      "pla": 0.8352256533172395,
      "novelty": 0.44939275665415657,
      "dci": 0.709692644897049,
      "bb_cos_sim": 1.0000000016556845,
      "bb_pla": 0.8058190823843082,
      "bb_novelty": 0.3694717130727238,
      "bb_dci": 0.44265737637397734,
      "top1_acc": 0.12124565973257025,
      "top3_acc": 0.37302517352832687,
      "distinct_k": 1.107060742047098
    },
    "random_0.5": {
      "cos_sim": 0.2006616780741347,
      "pla": 0.7807927719420857,
      "novelty": 0.46690893090433544,
      "dci": 0.6884634288984315,
      "bb_cos_sim": 1.0000000016556845,
      "bb_pla": 0.8058190823843082,
      "bb_novelty": 0.3694717130727238,
      "bb_dci": 0.44265737637397734,
      "top1_acc": 0.12272135416666667,
      "top3_acc": 0.37611762144499356,
      "distinct_k": 1.1355693770779505
    }
  },
  "ablation": {
    "\u03bb_div=0": {
      "cos_sim": 0.5743027275635136,
      "pla": 0.8823054836442074,
      "novelty": 0.3769845904575454,
      "dci": 0.6215957799989036,
      "bb_cos_sim": 1.0000000016556845,
      "bb_pla": 0.8058190823843082,
      "bb_novelty": 0.3694717130727238,
      "bb_dci": 0.44265737637397734,
      "top1_acc": 0.11104600695479247,
      "top3_acc": 0.47056206605500644,
      "distinct_k": 0.6460178279214435
    },
    "\u03bb_pla=0": {
      "cos_sim": 0.17294819559901953,
      "pla": 0.770436275129517,
      "novelty": 0.48605166292852825,
      "dci": 0.6817994154592734,
      "bb_cos_sim": 1.0000000016556845,
      "bb_pla": 0.8058190823843082,
      "bb_novelty": 0.3694717130727238,
      "bb_dci": 0.44265737637397734,
      "top1_acc": 0.2245768229994509,
      "top3_acc": 0.3654513888888889,
      "distinct_k": 1.1364788918031588
    },
    "\u03bb_nov=0": {
      "cos_sim": 0.3804933830267853,
      "pla": 0.8833507062453363,
      "novelty": 0.3778842232293553,
      "dci": 0.6738557367359665,
      "bb_cos_sim": 1.0000000016556845,
      "bb_pla": 0.8058190823843082,
      "bb_novelty": 0.3694717130727238,
      "bb_dci": 0.44265737637397734,
      "top1_acc": 0.12519531252069604,
      "top3_acc": 0.5326280382772287,
      "distinct_k": 0.8731162870923678
    },
    "full": {
      "cos_sim": 0.3694332130253315,
      "pla": 0.8834191641459862,
      "novelty": 0.3679251049955686,
      "dci": 0.6703546470509204,
      "bb_cos_sim": 1.0000000016556845,
      "bb_pla": 0.8058190823843082,
      "bb_novelty": 0.3694717130727238,
      "bb_dci": 0.44265737637397734,
      "top1_acc": 0.15183376738180718,
      "top3_acc": 0.4490993925266796,
      "distinct_k": 0.8804002015127076
    }
  },
  "per_relation": {
    "hypernym": {
      "count": 7720,
      "dci": 0.6566,
      "cos_sim": 0.4203,
      "pla": 0.8884,
      "novelty": 0.3622,
      "top1_acc": 0.099,
      "top3_acc": 0.4458,
      "distinct_k": 0.8926
    },
    "hyponym": {
      "count": 7720,
      "dci": 0.7016,
      "cos_sim": 0.3258,
      "pla": 0.8798,
      "novelty": 0.403,
      "top1_acc": 0.1183,
      "top3_acc": 0.4516,
      "distinct_k": 0.9565
    },
    "meronym": {
      "count": 1232,
      "dci": 0.697,
      "cos_sim": 0.3946,
      "pla": 0.8746,
      "novelty": 0.4276,
      "top1_acc": 0.146,
      "top3_acc": 0.551,
      "distinct_k": 0.8728
    },
    "holonym": {
      "count": 1232,
      "dci": 0.6476,
      "cos_sim": 0.4791,
      "pla": 0.8821,
      "novelty": 0.375,
      "top1_acc": 0.149,
      "top3_acc": 0.5735,
      "distinct_k": 0.7659
    },
    "attribute": {
      "count": 212,
      "dci": 0.6767,
      "cos_sim": 0.4898,
      "pla": 0.894,
      "novelty": 0.4279,
      "top1_acc": 0.0802,
      "top3_acc": 0.467,
      "distinct_k": 0.8341
    },
    "entailment": {
      "count": 66,
      "dci": 0.638,
      "cos_sim": 0.5714,
      "pla": 0.8851,
      "novelty": 0.4028,
      "top1_acc": 0.1212,
      "top3_acc": 0.5606,
      "distinct_k": 0.7657
    },
    "cause": {
      "count": 14,
      "dci": 0.6942,
      "cos_sim": 0.4413,
      "pla": 0.9064,
      "novelty": 0.4299,
      "top1_acc": 0.1429,
      "top3_acc": 0.5714,
      "distinct_k": 0.7985
    }
  }
}