{
  "train": {
    "cos_sim": 0.3148759135477979,
    "pla": 0.8878465584466155,
    "novelty": 0.5030968264794685,
    "dci": 0.7606036963926258,
    "bb_cos_sim": 1.0,
    "bb_pla": -9.405221992815045,
    "bb_novelty": 0.3627308869445828,
    "bb_dci": 0.0,
    "top1_acc": 0.004814040492957746,
    "top3_acc": 0.052060409330985914,
    "distinct_k": 0.9766967235736443
  },
  "test": {
    "cos_sim": 0.3093697350058291,
    "pla": 0.8764993003052142,
    "novelty": 0.5047991184724702,
    "dci": 0.7578104295179315,
    "bb_cos_sim": 1.0,
    "bb_pla": -8.733455684449938,
    "bb_novelty": 0.38117531935373944,
    "bb_dci": 0.0,
    "top1_acc": 0.012641059027777778,
    "top3_acc": 0.07122395834368137,
    "distinct_k": 0.9805251624849107
  },
  "dci_gap": 0.002793266874694278,
  "random_baseline": {
    "random_0.05": {
      "cos_sim": 0.7743695080280304,
      "pla": -4.183486094077428,
      "novelty": 0.4002382804950078,
      "dci": 0.0,
      "bb_cos_sim": 1.0,
      "bb_pla": -8.733455684449938,
      "bb_novelty": 0.38117531935373944,
      "bb_dci": 0.0,
      "top1_acc": 0.08297526049945089,
      "top3_acc": 0.24960937516556847,
      "distinct_k": 0.3460237267944548
    },
    "random_0.1": {
      "cos_sim": 0.5113267099691762,
      "pla": -2.050232777992884,
      "novelty": 0.4333539017372661,
      "dci": 0.0,
      "bb_cos_sim": 1.0,
      "bb_pla": -8.733455684449938,
      "bb_novelty": 0.38117531935373944,
      "bb_dci": 0.0,
      "top1_acc": 0.08256293403812581,
      "top3_acc": 0.24552951390958494,
      "distinct_k": 0.8450170780221621
    },
    "random_0.3": {
      "cos_sim": 0.14834746066480875,
      "pla": -1.011298845211665,
      "novelty": 0.5086969716681374,
      "dci": 0.0,
      "bb_cos_sim": 1.0,
      "bb_pla": -8.733455684449938,
      "bb_novelty": 0.38117531935373944,
      "bb_dci": 0.0,
      "top1_acc": 0.08413628473257025,
      "top3_acc": 0.25226779530445737,
      "distinct_k": 1.087504678302341
    },
    "random_0.5": {
      "cos_sim": 0.0941836175819238,
      "pla": -2.804161916176478,
      "novelty": 0.5292018941707082,
      "dci": 0.0,
      "bb_cos_sim": 1.0,
      "bb_pla": -8.733455684449938,
      "bb_novelty": 0.38117531935373944,
      "bb_dci": 0.0,
      "top1_acc": 0.08493923613180716,
      "top3_acc": 0.2533203127483527,
      "distinct_k": 1.0903454588519201
    }
  },
  "ablation": {
    "\u03bb_div=0": {
      "cos_sim": 0.5383110228512022,
      "pla": 0.8678117964623703,
      "novelty": 0.5213261354300711,
      "dci": 0.7009417608105291,
      "bb_cos_sim": 1.0,
      "bb_pla": -8.733455684449938,
      "bb_novelty": 0.38117531935373944,
      "bb_dci": 0.0,
      "top1_acc": 0.05234375001034803,
      "top3_acc": 0.19098307295805877,
      "distinct_k": 0.7559120141797595
    },
    "\u03bb_pla=0": {
      "cos_sim": 0.228905298643642,
      "pla": -2.4638483540879355,
      "novelty": 0.4857742355929481,
      "dci": 0.0,
      "bb_cos_sim": 1.0,
      "bb_pla": -8.733455684449938,
      "bb_novelty": 0.38117531935373944,
      "bb_dci": 0.0,
      "top1_acc": 0.132074652860562,
      "top3_acc": 0.27437065976361436,
      "distinct_k": 1.086589394344224
    },
    "\u03bb_nov=0": {
      "cos_sim": 0.31862101952234906,
      "pla": 0.8592832149523828,
      "novelty": 0.5339010233680407,
      "dci": 0.7629314764960577,
      "bb_cos_sim": 1.0,
      "bb_pla": -8.733455684449938,
      "bb_novelty": 0.38117531935373944,
      "bb_dci": 0.0,
      "top1_acc": 0.056966145833333336,
      "top3_acc": 0.34116753480500644,
      "distinct_k": 0.8572985960377587
    },
    "full": {
      "cos_sim": 0.32815394964483047,
      "pla": 0.8638996299770143,
      "novelty": 0.5183601950605711,
      "dci": 0.7550340650206636,
      "bb_cos_sim": 1.0,
      "bb_pla": -8.733455684449938,
      "bb_novelty": 0.38117531935373944,
      "bb_dci": 0.0,
      "top1_acc": 0.06027560763888889,
      "top3_acc": 0.19849175349291828,
      "distinct_k": 0.914259000784821
    }
  },
  "per_relation": {
    "hypernym": {
      "count": 7720,
      "dci": 0.7491,
      "cos_sim": 0.3268,
      "pla": 0.8831,
      "novelty": 0.4892,
      "top1_acc": 0.0151,
      "top3_acc": 0.0667,
      "distinct_k": 0.9532
    },
    "hyponym": {
      "count": 7720,
      "dci": 0.7638,
      "cos_sim": 0.3016,
      "pla": 0.8713,
      "novelty": 0.5128,
      "top1_acc": 0.012,
      "top3_acc": 0.0889,
      "distinct_k": 0.9957
    },
    "meronym": {
      "count": 1232,
      "dci": 0.7697,
      "cos_sim": 0.2786,
      "pla": 0.8667,
      "novelty": 0.5377,
      "top1_acc": 0.0041,
      "top3_acc": 0.029,
      "distinct_k": 1.0194
    },
    "holonym": {
      "count": 1232,
      "dci": 0.7615,
      "cos_sim": 0.2729,
      "pla": 0.8717,
      "novelty": 0.5206,
      "top1_acc": 0.0025,
      "top3_acc": 0.0245,
      "distinct_k": 1.0307
    },
    "attribute": {
      "count": 212,
      "dci": 0.7514,
      "cos_sim": 0.3562,
      "pla": 0.8891,
      "novelty": 0.5056,
      "top1_acc": 0.0472,
      "top3_acc": 0.1745,
      "distinct_k": 0.9339
    },
    "entailment": {
      "count": 66,
      "dci": 0.7571,
      "cos_sim": 0.3379,
      "pla": 0.8855,
      "novelty": 0.5095,
      "top1_acc": 0.0,
      "top3_acc": 0.0303,
      "distinct_k": 0.9288
    },
    "cause": {
      "count": 14,
      "dci": 0.7679,
      "cos_sim": 0.2983,
      "pla": 0.9071,
      "novelty": 0.4999,
      "top1_acc": 0.0,
      "top3_acc": 0.0,
      "distinct_k": 0.9567
    }
  }
}