{
  "train": {
    "cos_sim": 0.3694444018560396,
    "pla": 0.9049722138582401,
    "novelty": 0.39360678867555,
    "dci": 0.6920521709616323,
    "bb_cos_sim": 1.0,
    "bb_pla": 0.8546711606773693,
    "bb_novelty": 0.3578805551982262,
    "bb_dci": 0.4510193581963049,
    "top1_acc": 0.10362566021126761,
    "top3_acc": 0.23203675176056338,
    "distinct_k": 0.9140517375838588
  },
  "test": {
    "cos_sim": 0.364298773308595,
    "pla": 0.8818147887165347,
    "novelty": 0.3993239750464757,
    "dci": 0.6886596475432788,
    "bb_cos_sim": 1.0,
    "bb_pla": 0.8199235482348336,
    "bb_novelty": 0.37118994775745606,
    "bb_dci": 0.44919738587418756,
    "top1_acc": 0.15081380209368137,
    "top3_acc": 0.3106553819444444,
    "distinct_k": 0.9220908979574839
  },
  "dci_gap": 0.003392523418353499,
  "random_baseline": {
    "random_0.05": {
      "cos_sim": 0.8622333200441467,
      "pla": 0.8420144056694375,
      "novelty": 0.3814312592148781,
      "dci": 0.5187294167293103,
      "bb_cos_sim": 1.0,
      "bb_pla": 0.8199235482348336,
      "bb_novelty": 0.37118994775745606,
      "bb_dci": 0.44919738587418756,
      "top1_acc": 0.12388237855500644,
      "top3_acc": 0.3814670141372416,
      "distinct_k": 0.2427261703544193
    },
    "random_0.1": {
      "cos_sim": 0.6737350134385957,
      "pla": 0.8519344949680898,
      "novelty": 0.4001576213373078,
      "dci": 0.596487504100004,
      "bb_cos_sim": 1.0,
      "bb_pla": 0.8199235482348336,
      "bb_novelty": 0.37118994775745606,
      "bb_dci": 0.44919738587418756,
      "top1_acc": 0.12930772577722868,
      "top3_acc": 0.37828776074780357,
      "distinct_k": 0.6115087436305152
    },
    "random_0.3": {
      "cos_sim": 0.2810089797195461,
      "pla": 0.8396889886094464,
      "novelty": 0.4601340666413307,
      "dci": 0.7196602431279536,
      "bb_cos_sim": 1.0,
      "bb_pla": 0.8199235482348336,
      "bb_novelty": 0.37118994775745606,
      "bb_dci": 0.44919738587418756,
      "top1_acc": 0.12225477438833979,
      "top3_acc": 0.37096354158388245,
      "distinct_k": 1.1058675522605579
    },
    "random_0.5": {
      "cos_sim": 0.17612818462981117,
      "pla": 0.787779288366437,
      "novelty": 0.48274553732739556,
      "dci": 0.6921475020952208,
      "bb_cos_sim": 1.0,
      "bb_pla": 0.8199235482348336,
      "bb_novelty": 0.37118994775745606,
      "bb_dci": 0.44919738587418756,
      "top1_acc": 0.12404513897167312,
      "top3_acc": 0.36960720477832687,
      "distinct_k": 1.1363079994916916
    }
  },
  "ablation": {
    "\u03bb_div=0": {
      "cos_sim": 0.5781049939493338,
      "pla": 0.8822150026551552,
      "novelty": 0.37920261340008843,
      "dci": 0.6218176684094018,
      "bb_cos_sim": 1.0,
      "bb_pla": 0.8199235482348336,
      "bb_novelty": 0.37118994775745606,
      "bb_dci": 0.44919738587418756,
      "top1_acc": 0.11146918404847383,
      "top3_acc": 0.44355468741721576,
      "distinct_k": 0.6505293862687217
    },
    "\u03bb_pla=0": {
      "cos_sim": 0.28374184233446914,
      "pla": 0.7605275097820494,
      "novelty": 0.48702258119980496,
      "dci": 0.7128240034938718,
      "bb_cos_sim": 1.0,
      "bb_pla": 0.8199235482348336,
      "bb_novelty": 0.37118994775745606,
      "bb_dci": 0.44919738587418756,
      "top1_acc": 0.14000651043736273,
      "top3_acc": 0.3948025173611111,
      "distinct_k": 1.0933578925000296
    },
    "\u03bb_nov=0": {
      "cos_sim": 0.3740276942650477,
      "pla": 0.8817200783847107,
      "novelty": 0.3897876689831416,
      "dci": 0.6809950523326216,
      "bb_cos_sim": 1.0,
      "bb_pla": 0.8199235482348336,
      "bb_novelty": 0.37118994775745606,
      "bb_dci": 0.44919738587418756,
      "top1_acc": 0.2034288193616602,
      "top3_acc": 0.35864800380335915,
      "distinct_k": 0.890857552488645
    },
    "full": {
      "cos_sim": 0.36767981573939323,
      "pla": 0.8825118488942584,
      "novelty": 0.386975737909476,
      "dci": 0.6771729469788608,
      "bb_cos_sim": 1.0,
      "bb_pla": 0.8199235482348336,
      "bb_novelty": 0.37118994775745606,
      "bb_dci": 0.44919738587418756,
      "top1_acc": 0.10466579865250322,
      "top3_acc": 0.3397786459989018,
      "distinct_k": 0.9042759901947446
    }
  }
}