{
  "train": {
    "cos_sim": 0.4211738261388394,
    "pla": 0.9493451353526536,
    "novelty": 0.23379504160177186,
    "dci": 0.5799418047862838,
    "backbone_cos_sim": 1.0000000092938635,
    "backbone_pla": 0.8666404036808906,
    "backbone_novelty": 0.002225032839110884,
    "backbone_dci": 0.08316800478028821,
    "clip_combo": 0.0,
    "clip_attr": 0.0,
    "clip_obj": 0.0
  },
  "test": {
    "cos_sim": 0.4212521093506967,
    "pla": 0.9481680488153812,
    "novelty": 0.23400202585804847,
    "dci": 0.5798395200874703,
    "backbone_cos_sim": 1.0000000048068263,
    "backbone_pla": 0.8687207363245468,
    "backbone_novelty": 0.0022966462758279614,
    "backbone_dci": 0.08328043464295057,
    "clip_combo": 0.0,
    "clip_attr": 0.0,
    "clip_obj": 0.0
  },
  "dci_gap": 0.00010228469881345958,
  "retention": {
    "train_obj_ret": 0.43492583726826095,
    "train_attr_ret": 0.9999983848736712,
    "test_obj_ret": 0.4027020363470748,
    "test_attr_ret": 0.9999983002451426
  },
  "random_baseline": {
    "random_0.05": {
      "cos_sim": 0.9988547284756938,
      "pla": 0.8333462308491429,
      "novelty": 0.014627797469016044,
      "dci": 0.15402309701312394,
      "backbone_cos_sim": 1.0000000057681915,
      "backbone_pla": 0.8687207359940775,
      "backbone_novelty": 0.0022966462758279614,
      "backbone_dci": 0.0832804288294458,
      "clip_combo": 0.0,
      "clip_attr": 0.0,
      "clip_obj": 0.0
    },
    "random_0.1": {
      "cos_sim": 0.9958395414775417,
      "pla": 0.8423401232688658,
      "novelty": 0.01486461345226534,
      "dci": 0.1559601650918611,
      "backbone_cos_sim": 1.000000007690922,
      "backbone_pla": 0.8687207362644614,
      "backbone_novelty": 0.002296645314462723,
      "backbone_dci": 0.08328041411195056,
      "clip_combo": 0.0,
      "clip_attr": 0.0,
      "clip_obj": 0.0
    },
    "random_0.3": {
      "cos_sim": 0.9751776533742105,
      "pla": 0.8678771964003963,
      "novelty": 0.01765833218251505,
      "dci": 0.17063463223265612,
      "backbone_cos_sim": 1.0000000067295567,
      "backbone_pla": 0.8687207359640349,
      "backbone_novelty": 0.002296644833780104,
      "backbone_dci": 0.08328041465710692,
      "clip_combo": 0.0,
      "clip_attr": 0.0,
      "clip_obj": 0.0
    },
    "random_0.5": {
      "cos_sim": 0.947521690399416,
      "pla": 0.8846394390528721,
      "novelty": 0.02309699260419415,
      "dci": 0.19302587669843121,
      "backbone_cos_sim": 1.000000007690922,
      "backbone_pla": 0.8687207359940775,
      "backbone_novelty": 0.0022966462758279614,
      "backbone_dci": 0.08328043233183227,
      "clip_combo": 0.0,
      "clip_attr": 0.0,
      "clip_obj": 0.0
    }
  },
  "ablation": {
    "\u03bb_div=0": {
      "cos_sim": 0.9283463772266142,
      "pla": 0.9625569086356629,
      "novelty": 0.04083588382890148,
      "dci": 0.2413943140054521,
      "backbone_cos_sim": 1.0000000072102393,
      "backbone_pla": 0.8809151255916203,
      "backbone_novelty": 0.004021560472826804,
      "backbone_dci": 0.1005929366718504,
      "clip_combo": 0.0,
      "clip_attr": 0.0,
      "clip_obj": 0.0
    },
    "\u03bb_pla=0": {
      "cos_sim": 0.42898260633791646,
      "pla": 0.8665769584476948,
      "novelty": 0.16680363301307924,
      "dci": 0.5011449967662724,
      "backbone_cos_sim": 1.0000000153818438,
      "backbone_pla": 0.8307779609796501,
      "backbone_novelty": 0.0010331359601789905,
      "backbone_dci": 0.06347528212306594,
      "clip_combo": 0.0,
      "clip_attr": 0.0,
      "clip_obj": 0.0
    },
    "\u03bb_nov=0": {
      "cos_sim": 0.36780274875702396,
      "pla": 0.9542263575469053,
      "novelty": 0.1583147092211631,
      "dci": 0.520232190128342,
      "backbone_cos_sim": 1.000000006248874,
      "backbone_pla": 0.8553825802500209,
      "backbone_novelty": 0.0024080257261953047,
      "backbone_dci": 0.08391146849333515,
      "clip_combo": 0.0,
      "clip_attr": 0.0,
      "clip_obj": 0.0
    },
    "full": {
      "cos_sim": 0.38087215587016077,
      "pla": 0.9592451156838046,
      "novelty": 0.21541205577311978,
      "dci": 0.5747859509972998,
      "backbone_cos_sim": 1.0000000105750175,
      "backbone_pla": 0.8497055692057456,
      "backbone_novelty": 0.0027167907645625454,
      "backbone_dci": 0.08717395306404911,
      "clip_combo": 0.0,
      "clip_attr": 0.0,
      "clip_obj": 0.0
    }
  }
}